"ID","Localidad","Lat","Lon","Precip_1h","Precip_24h","Precip_48h","Prob_Max","Pico_Valor","Zona_Llobregat","Timestamp_Captura"
1,"Punto grid",41.2806,1.3658,0,0.4,3,78,1.6,"DELTA",2026-02-06 10:12:11.022162
2,"Punto grid",41.3206,1.3658,0,1,3.4,73,1.4,"DELTA",2026-02-06 10:12:11.143333
3,"Punto grid",41.3606,1.3658,0,1.7,3.9,73,1.3,"DELTA",2026-02-06 10:12:11.247718
4,"Punto grid",41.4006,1.3658,0,1.7,3.9,73,1.3,"BAJO LLOBREGAT",2026-02-06 10:12:11.353208
5,"Punto grid",41.4406,1.3658,0,2.2,4.8,70,2,"BAJO LLOBREGAT",2026-02-06 10:12:11.457278
6,"Punto grid",41.4806,1.3658,0,0.8,4,70,2.2,"BAJO LLOBREGAT",2026-02-06 10:12:11.561704
7,"Punto grid",41.5206,1.3658,0,0.8,4,70,2.2,"BAJO LLOBREGAT",2026-02-06 10:12:11.665331
8,"Punto grid",41.5606,1.3658,0,1.1,4.3,70,2.4,"BAJO LLOBREGAT",2026-02-06 10:12:11.769851
9,"Punto grid",41.6006,1.3658,0,1.2,4.2,63,2.6,"BAJO LLOBREGAT",2026-02-06 10:12:11.874147
10,"Punto grid",41.6406,1.3658,0,1.2,4.2,63,2.6,"BAJO LLOBREGAT",2026-02-06 10:12:11.977824
11,"Punto grid",41.6806,1.3658,0,1.4,4,63,2.4,"BAJO LLOBREGAT",2026-02-06 10:12:12.081496
12,"Punto grid",41.7206,1.3658,0,1.7,4.3,55,2.4,"MEDIO LLOBREGAT",2026-02-06 10:12:12.18533
13,"Punto grid",41.7606,1.3658,0,1.7,4.3,55,2.4,"MEDIO LLOBREGAT",2026-02-06 10:12:12.291707
14,"Punto grid",41.8006,1.3658,0,1.8,3.4,55,1.6,"MEDIO LLOBREGAT",2026-02-06 10:12:12.394521
15,"Punto grid",41.8406,1.3658,0,1.8,3.4,50,1.6,"MEDIO LLOBREGAT",2026-02-06 10:12:12.4974
16,"Punto grid",41.8806,1.3658,0,3.1,4.3,50,1.2,"MEDIO LLOBREGAT",2026-02-06 10:12:12.600859
17,"Punto grid",41.9206,1.3658,0,4.4,5,50,2,"MEDIO LLOBREGAT",2026-02-06 10:12:12.704653
18,"Punto grid",41.9606,1.3658,0,4.4,5,45,2,"MEDIO LLOBREGAT",2026-02-06 10:12:12.808413
19,"Punto grid",42.0006,1.3658,0,6.2,6.6,45,3.4,"ALTO LLOBREGAT/BERGUEDÀ",2026-02-06 10:12:12.911507
20,"Punto grid",42.0406,1.3658,0,7.2,8.3,45,3.6,"ALTO LLOBREGAT/BERGUEDÀ",2026-02-06 10:12:13.014035
21,"Punto grid",42.0806,1.3658,0.6,7.5,9.4,63,3.3,"ALTO LLOBREGAT/BERGUEDÀ",2026-02-06 10:12:13.117237
22,"Punto grid",42.1206,1.3658,0,11.9,18.7,63,11.4,"ALTO LLOBREGAT/BERGUEDÀ",2026-02-06 10:12:13.22055
23,"Punto grid",42.1606,1.3658,0,7.2,14.8,63,7,"ALTO LLOBREGAT/BERGUEDÀ",2026-02-06 10:12:13.323114
24,"Punto grid",42.2006,1.3658,0.2,4.3,12.7,53,6.1,"ALTO LLOBREGAT/BERGUEDÀ",2026-02-06 10:12:13.425675
25,"Punto grid",42.2406,1.3658,1.4,5.5,13.6,53,6.4,"ALTO LLOBREGAT/BERGUEDÀ",2026-02-06 10:12:13.528704
26,"Punto grid",42.2806,1.3658,0.3,1.6,6.4,53,3.1,"ALTO LLOBREGAT/BERGUEDÀ",2026-02-06 10:12:13.631463
27,"Punto grid",41.2806,1.4058,0,0.4,3,78,1.6,"DELTA",2026-02-06 10:12:13.733851
28,"Punto grid",41.3206,1.4058,0,1,3.4,73,1.4,"DELTA",2026-02-06 10:12:13.837399
29,"Punto grid",41.3606,1.4058,0,1.7,3.9,73,1.3,"DELTA",2026-02-06 10:12:13.941649
30,"Punto grid",41.4006,1.4058,0,1.7,3.9,73,1.4,"BAJO LLOBREGAT",2026-02-06 10:12:14.044457
31,"Punto grid",41.4406,1.4058,0,2.2,4.8,70,2,"BAJO LLOBREGAT",2026-02-06 10:12:14.146963
32,"Punto grid",41.4806,1.4058,0,0.8,4,70,2.2,"BAJO LLOBREGAT",2026-02-06 10:12:14.249432
33,"Punto grid",41.5206,1.4058,0,0.8,4,70,2.2,"BAJO LLOBREGAT",2026-02-06 10:12:14.352641
34,"Punto grid",41.5606,1.4058,0,1.1,4.3,70,2.4,"BAJO LLOBREGAT",2026-02-06 10:12:14.454909
35,"Punto grid",41.6006,1.4058,0,1.2,4.2,63,2.6,"BAJO LLOBREGAT",2026-02-06 10:12:14.557577
36,"Punto grid",41.6406,1.4058,0,1.2,4.2,63,2.6,"BAJO LLOBREGAT",2026-02-06 10:12:14.660184
37,"Punto grid",41.6806,1.4058,0,1.4,4,63,2.4,"BAJO LLOBREGAT",2026-02-06 10:12:14.761897
38,"Punto grid",41.7206,1.4058,0,1.7,4.3,55,2.4,"MEDIO LLOBREGAT",2026-02-06 10:12:14.864224
39,"Punto grid",41.7606,1.4058,0,1.7,4.3,55,2.4,"MEDIO LLOBREGAT",2026-02-06 10:12:14.966691
40,"Punto grid",41.8006,1.4058,0,1.8,3.4,55,1.6,"MEDIO LLOBREGAT",2026-02-06 10:12:15.069109
41,"Punto grid",41.8406,1.4058,0,1.8,3.4,50,1.6,"MEDIO LLOBREGAT",2026-02-06 10:12:15.171407
42,"Punto grid",41.8806,1.4058,0,3.1,4.3,50,1.2,"MEDIO LLOBREGAT",2026-02-06 10:12:15.276659
43,"Punto grid",41.9206,1.4058,0,4.4,5,50,2,"MEDIO LLOBREGAT",2026-02-06 10:12:15.379081
44,"Punto grid",41.9606,1.4058,0,4.4,5,45,2,"MEDIO LLOBREGAT",2026-02-06 10:12:15.481152
45,"Punto grid",42.0006,1.4058,0,6.2,6.6,45,3.4,"ALTO LLOBREGAT/BERGUEDÀ",2026-02-06 10:12:15.585596
46,"Punto grid",42.0406,1.4058,0,7.2,8.3,45,3.6,"ALTO LLOBREGAT/BERGUEDÀ",2026-02-06 10:12:15.688115
47,"Punto grid",42.0806,1.4058,0,7.2,8.3,63,3.6,"ALTO LLOBREGAT/BERGUEDÀ",2026-02-06 10:12:15.792095
48,"Punto grid",42.1206,1.4058,0,11.5,19.7,63,11.3,"ALTO LLOBREGAT/BERGUEDÀ",2026-02-06 10:12:15.894247
49,"Punto grid",42.1606,1.4058,0,9.7,17.7,63,9.5,"ALTO LLOBREGAT/BERGUEDÀ",2026-02-06 10:12:15.996794
50,"Punto grid",42.2006,1.4058,0.4,6.3,14.6,53,5.9,"ALTO LLOBREGAT/BERGUEDÀ",2026-02-06 10:12:16.099743
51,"Punto grid",42.2406,1.4058,1.4,4,11.2,53,5.8,"ALTO LLOBREGAT/BERGUEDÀ",2026-02-06 10:12:16.202544
52,"Punto grid",42.2806,1.4058,0.3,1.8,8.1,53,4.6,"ALTO LLOBREGAT/BERGUEDÀ",2026-02-06 10:12:16.304809
53,"Punto grid",41.2806,1.4458,0,0.2,2.6,68,1.4,"DELTA",2026-02-06 10:12:16.40714
54,"Punto grid",41.3206,1.4458,0,1.4,3.6,65,1.2,"DELTA",2026-02-06 10:12:16.509496
55,"Punto grid",41.3606,1.4458,0,2.2,4.4,65,1.4,"DELTA",2026-02-06 10:12:16.611527
56,"Punto grid",41.4006,1.4458,0,2.2,4.4,65,1.4,"BAJO LLOBREGAT",2026-02-06 10:12:16.713727
57,"Punto grid",41.4406,1.4458,0,1.7,3.9,60,1.4,"BAJO LLOBREGAT",2026-02-06 10:12:16.816082
58,"Punto grid",41.4806,1.4458,0,1,3.8,60,2,"BAJO LLOBREGAT",2026-02-06 10:12:16.918729
59,"Punto grid",41.5206,1.4458,0,1,3.8,60,2,"BAJO LLOBREGAT",2026-02-06 10:12:17.021091
60,"Punto grid",41.5606,1.4458,0,1.1,3.9,60,2.2,"BAJO LLOBREGAT",2026-02-06 10:12:17.123028
61,"Punto grid",41.6006,1.4458,0,1.2,4,63,2.4,"BAJO LLOBREGAT",2026-02-06 10:12:17.227412
62,"Punto grid",41.6406,1.4458,0,1.2,4,63,2.4,"BAJO LLOBREGAT",2026-02-06 10:12:17.329919
63,"Punto grid",41.6806,1.4458,0,1.5,3.9,63,2.4,"BAJO LLOBREGAT",2026-02-06 10:12:17.4321
64,"Punto grid",41.7206,1.4458,0,1.5,3.9,50,2.2,"MEDIO LLOBREGAT",2026-02-06 10:12:17.537229
65,"Punto grid",41.7606,1.4458,0,1.5,3.9,50,2.2,"MEDIO LLOBREGAT",2026-02-06 10:12:17.639419
66,"Punto grid",41.8006,1.4458,0,1.5,3.1,50,1.4,"MEDIO LLOBREGAT",2026-02-06 10:12:17.741549
67,"Punto grid",41.8406,1.4458,0,1.5,3.1,45,1.4,"MEDIO LLOBREGAT",2026-02-06 10:12:17.845596
68,"Punto grid",41.8806,1.4458,0,2.5,3.7,45,1,"MEDIO LLOBREGAT",2026-02-06 10:12:17.949617
69,"Punto grid",41.9206,1.4458,0,4,4.8,45,1.6,"MEDIO LLOBREGAT",2026-02-06 10:12:18.052215
70,"Punto grid",41.9606,1.4458,0,4,4.8,45,1.6,"MEDIO LLOBREGAT",2026-02-06 10:12:18.154379
71,"Punto grid",42.0006,1.4458,0,5.1,5.7,45,3.1,"ALTO LLOBREGAT/BERGUEDÀ",2026-02-06 10:12:18.257594
72,"Punto grid",42.0406,1.4458,0,5.9,7.1,45,3.1,"ALTO LLOBREGAT/BERGUEDÀ",2026-02-06 10:12:18.360058
73,"Punto grid",42.0806,1.4458,0,5.9,7.1,45,3.1,"ALTO LLOBREGAT/BERGUEDÀ",2026-02-06 10:12:18.466266
74,"Punto grid",42.1206,1.4458,0,8.9,16.1,45,8.9,"ALTO LLOBREGAT/BERGUEDÀ",2026-02-06 10:12:18.56784
75,"Punto grid",42.1606,1.4458,0.1,10,17.8,53,9.7,"ALTO LLOBREGAT/BERGUEDÀ",2026-02-06 10:12:18.670136
76,"Punto grid",42.2006,1.4458,0.8,7.5,16.9,53,6.7,"ALTO LLOBREGAT/BERGUEDÀ",2026-02-06 10:12:18.77258
77,"Punto grid",42.2406,1.4458,1.3,3.2,12,53,6.5,"ALTO LLOBREGAT/BERGUEDÀ",2026-02-06 10:12:18.875727
78,"Punto grid",42.2806,1.4458,0.1,0.8,8,53,5.2,"ALTO LLOBREGAT/BERGUEDÀ",2026-02-06 10:12:18.980995
79,"Punto grid",41.2806,1.4858,0,0,2,68,1,"DELTA",2026-02-06 10:12:19.083209
80,"Punto grid",41.3206,1.4858,0,1,2.8,65,1,"DELTA",2026-02-06 10:12:19.185822
81,"Punto grid",41.3606,1.4858,0,1.5,3.5,65,1.2,"DELTA",2026-02-06 10:12:19.288386
82,"Punto grid",41.4006,1.4858,0,1.5,3.5,65,1.2,"BAJO LLOBREGAT",2026-02-06 10:12:19.390609
83,"Punto grid",41.4406,1.4858,0,0.9,3.1,60,1.6,"BAJO LLOBREGAT",2026-02-06 10:12:19.493999
84,"Punto grid",41.4806,1.4858,0,0.9,3.3,60,1.8,"BAJO LLOBREGAT",2026-02-06 10:12:19.596397
85,"Punto grid",41.5206,1.4858,0,0.9,3.3,60,1.8,"BAJO LLOBREGAT",2026-02-06 10:12:19.698656
86,"Punto grid",41.5606,1.4858,0,0.6,2.8,60,1.8,"BAJO LLOBREGAT",2026-02-06 10:12:19.800967
87,"Punto grid",41.6006,1.4858,0,0.8,3,63,2,"BAJO LLOBREGAT",2026-02-06 10:12:19.903668
88,"Punto grid",41.6406,1.4858,0,0.8,3,63,2,"BAJO LLOBREGAT",2026-02-06 10:12:20.006896
89,"Punto grid",41.6806,1.4858,0,1,3.2,63,2.2,"BAJO LLOBREGAT",2026-02-06 10:12:20.109983
90,"Punto grid",41.7206,1.4858,0,1.2,3.4,50,2,"MEDIO LLOBREGAT",2026-02-06 10:12:20.213007
91,"Punto grid",41.7606,1.4858,0,1.2,3.4,50,2,"MEDIO LLOBREGAT",2026-02-06 10:12:20.317232
92,"Punto grid",41.8006,1.4858,0,1,2.4,50,1.2,"MEDIO LLOBREGAT",2026-02-06 10:12:20.420063
93,"Punto grid",41.8406,1.4858,0,1,2.4,45,1.2,"MEDIO LLOBREGAT",2026-02-06 10:12:20.523304
94,"Punto grid",41.8806,1.4858,0,1.6,2.4,45,0.9,"MEDIO LLOBREGAT",2026-02-06 10:12:20.627941
95,"Punto grid",41.9206,1.4858,0,2.3,2.7,45,1.5,"MEDIO LLOBREGAT",2026-02-06 10:12:20.730247
96,"Punto grid",41.9606,1.4858,0,2.3,2.7,45,1.5,"MEDIO LLOBREGAT",2026-02-06 10:12:20.833194
97,"Punto grid",42.0006,1.4858,0,4,4.7,45,2.6,"ALTO LLOBREGAT/BERGUEDÀ",2026-02-06 10:12:20.935961
98,"Punto grid",42.0406,1.4858,0,5.1,6.5,45,3,"ALTO LLOBREGAT/BERGUEDÀ",2026-02-06 10:12:21.038408
99,"Punto grid",42.0806,1.4858,0,5.1,6.5,45,3,"ALTO LLOBREGAT/BERGUEDÀ",2026-02-06 10:12:21.142056
100,"Punto grid",42.1206,1.4858,0.2,8.6,15.1,45,8.4,"ALTO LLOBREGAT/BERGUEDÀ",2026-02-06 10:12:21.245883
101,"Punto grid",42.1606,1.4858,0.7,9,17.6,53,7.9,"ALTO LLOBREGAT/BERGUEDÀ",2026-02-06 10:12:21.624199
102,"Punto grid",42.2006,1.4858,1.6,7,15.9,53,5.2,"ALTO LLOBREGAT/BERGUEDÀ",2026-02-06 10:12:21.726682
103,"Punto grid",42.2406,1.4858,1,2.2,12.7,53,7.4,"ALTO LLOBREGAT/BERGUEDÀ",2026-02-06 10:12:21.829289
104,"Punto grid",42.2806,1.4858,0.1,0.8,9.4,53,6.2,"ALTO LLOBREGAT/BERGUEDÀ",2026-02-06 10:12:21.931563
105,"Punto grid",41.2806,1.5258,0,0,2,68,1,"DELTA",2026-02-06 10:12:22.034064
106,"Punto grid",41.3206,1.5258,0,1,2.8,65,1,"DELTA",2026-02-06 10:12:22.136124
107,"Punto grid",41.3606,1.5258,0,1.5,3.5,65,1.2,"DELTA",2026-02-06 10:12:22.238399
108,"Punto grid",41.4006,1.5258,0,1.5,3.5,65,1.2,"BAJO LLOBREGAT",2026-02-06 10:12:22.340961
109,"Punto grid",41.4406,1.5258,0,0.9,3.1,60,1.6,"BAJO LLOBREGAT",2026-02-06 10:12:22.442594
110,"Punto grid",41.4806,1.5258,0,0.9,3.3,60,1.8,"BAJO LLOBREGAT",2026-02-06 10:12:22.551402
111,"Punto grid",41.5206,1.5258,0,0.9,3.3,60,1.8,"BAJO LLOBREGAT",2026-02-06 10:12:22.654542
112,"Punto grid",41.5606,1.5258,0,0.6,2.8,60,1.8,"BAJO LLOBREGAT",2026-02-06 10:12:22.756554
113,"Punto grid",41.6006,1.5258,0,0.8,3,63,2,"BAJO LLOBREGAT",2026-02-06 10:12:22.858764
114,"Punto grid",41.6406,1.5258,0,0.8,3,63,2,"BAJO LLOBREGAT",2026-02-06 10:12:22.973253
115,"Punto grid",41.6806,1.5258,0,1,3.2,63,2.2,"BAJO LLOBREGAT",2026-02-06 10:12:23.076957
116,"Punto grid",41.7206,1.5258,0,1.2,3.4,50,2,"MEDIO LLOBREGAT",2026-02-06 10:12:23.179332
117,"Punto grid",41.7606,1.5258,0,1.2,3.4,50,2,"MEDIO LLOBREGAT",2026-02-06 10:12:23.281193
118,"Punto grid",41.8006,1.5258,0,1,2.4,50,1.2,"MEDIO LLOBREGAT",2026-02-06 10:12:23.383624
119,"Punto grid",41.8406,1.5258,0,1.6,2.4,45,0.9,"MEDIO LLOBREGAT",2026-02-06 10:12:23.486314
120,"Punto grid",41.8806,1.5258,0,1.6,2.4,45,0.9,"MEDIO LLOBREGAT",2026-02-06 10:12:23.588107
121,"Punto grid",41.9206,1.5258,0,2.3,2.7,45,1.5,"MEDIO LLOBREGAT",2026-02-06 10:12:23.690266
122,"Punto grid",41.9606,1.5258,0,2.3,2.7,45,1.5,"MEDIO LLOBREGAT",2026-02-06 10:12:23.792259
123,"Punto grid",42.0006,1.5258,0,4,4.7,45,2.6,"ALTO LLOBREGAT/BERGUEDÀ",2026-02-06 10:12:23.894429
124,"Punto grid",42.0406,1.5258,0,5.1,6.5,45,3,"ALTO LLOBREGAT/BERGUEDÀ",2026-02-06 10:12:23.997041
125,"Punto grid",42.0806,1.5258,0,5.1,6.5,45,3,"ALTO LLOBREGAT/BERGUEDÀ",2026-02-06 10:12:24.099452
126,"Punto grid",42.1206,1.5258,0.3,7.4,14.7,45,7.1,"ALTO LLOBREGAT/BERGUEDÀ",2026-02-06 10:12:24.204154
127,"Punto grid",42.1606,1.5258,1.1,7.2,14.5,53,5.7,"ALTO LLOBREGAT/BERGUEDÀ",2026-02-06 10:12:24.306418
128,"Punto grid",42.2006,1.5258,0.7,4.3,12.3,53,3.7,"ALTO LLOBREGAT/BERGUEDÀ",2026-02-06 10:12:24.408564
129,"Punto grid",42.2406,1.5258,1.1,2.6,13.9,53,7.2,"ALTO LLOBREGAT/BERGUEDÀ",2026-02-06 10:12:24.510395
130,"Punto grid",42.2806,1.5258,0.2,1.7,11.5,53,6.8,"ALTO LLOBREGAT/BERGUEDÀ",2026-02-06 10:12:24.613103
131,"Punto grid",41.2806,1.5658,0,0,1.8,65,1,"DELTA",2026-02-06 10:12:24.715397
132,"Punto grid",41.3206,1.5658,0,0.4,2.2,68,1.2,"DELTA",2026-02-06 10:12:24.817447
133,"Punto grid",41.3606,1.5658,0,0.5,2.1,68,1.2,"DELTA",2026-02-06 10:12:24.920158
134,"Punto grid",41.4006,1.5658,0,0.5,2.1,68,1.2,"BAJO LLOBREGAT",2026-02-06 10:12:25.02233
135,"Punto grid",41.4406,1.5658,0,0.9,2.7,60,1.4,"BAJO LLOBREGAT",2026-02-06 10:12:25.124499
136,"Punto grid",41.4806,1.5658,0,0.7,2.7,60,1.6,"BAJO LLOBREGAT",2026-02-06 10:12:25.226887
137,"Punto grid",41.5206,1.5658,0,0.7,2.7,60,1.6,"BAJO LLOBREGAT",2026-02-06 10:12:25.330552
138,"Punto grid",41.5606,1.5658,0,0.3,2.1,60,1.6,"BAJO LLOBREGAT",2026-02-06 10:12:25.43201
139,"Punto grid",41.6006,1.5658,0,0.8,2.2,53,1.4,"BAJO LLOBREGAT",2026-02-06 10:12:25.533846
140,"Punto grid",41.6406,1.5658,0,0.8,2.2,53,1.4,"BAJO LLOBREGAT",2026-02-06 10:12:25.636408
141,"Punto grid",41.6806,1.5658,0,0.6,2.4,53,1.6,"BAJO LLOBREGAT",2026-02-06 10:12:25.738574
142,"Punto grid",41.7206,1.5658,0,0.9,2.5,48,1.6,"MEDIO LLOBREGAT",2026-02-06 10:12:25.842588
143,"Punto grid",41.7606,1.5658,0,0.9,2.5,48,1.6,"MEDIO LLOBREGAT",2026-02-06 10:12:25.944792
144,"Punto grid",41.8006,1.5658,0,1.3,2.5,48,1,"MEDIO LLOBREGAT",2026-02-06 10:12:26.046973
145,"Punto grid",41.8406,1.5658,0,1.3,2.5,48,1,"MEDIO LLOBREGAT",2026-02-06 10:12:26.149244
146,"Punto grid",41.8806,1.5658,0,1.6,2.4,48,1.2,"MEDIO LLOBREGAT",2026-02-06 10:12:26.251442
147,"Punto grid",41.9206,1.5658,0,2,2.3,48,1.4,"MEDIO LLOBREGAT",2026-02-06 10:12:26.353538
148,"Punto grid",41.9606,1.5658,0,2,2.3,45,1.4,"MEDIO LLOBREGAT",2026-02-06 10:12:26.457068
149,"Punto grid",42.0006,1.5658,0,2.4,2.9,45,1.6,"ALTO LLOBREGAT/BERGUEDÀ",2026-02-06 10:12:26.559442
150,"Punto grid",42.0406,1.5658,0,2.4,2.9,45,1.6,"ALTO LLOBREGAT/BERGUEDÀ",2026-02-06 10:12:26.662715
151,"Punto grid",42.0806,1.5658,0,3.9,5.1,45,2.5,"ALTO LLOBREGAT/BERGUEDÀ",2026-02-06 10:12:26.765621
152,"Punto grid",42.1206,1.5658,0.5,5.9,12.3,45,5.4,"ALTO LLOBREGAT/BERGUEDÀ",2026-02-06 10:12:26.868376
153,"Punto grid",42.1606,1.5658,0.8,4.9,9.9,48,3.8,"ALTO LLOBREGAT/BERGUEDÀ",2026-02-06 10:12:26.970894
154,"Punto grid",42.2006,1.5658,0.5,1.7,10,48,4.8,"ALTO LLOBREGAT/BERGUEDÀ",2026-02-06 10:12:27.074325
155,"Punto grid",42.2406,1.5658,1.4,3.1,13.3,48,6.4,"ALTO LLOBREGAT/BERGUEDÀ",2026-02-06 10:12:27.177503
156,"Punto grid",42.2806,1.5658,0.2,1.7,11,48,6,"ALTO LLOBREGAT/BERGUEDÀ",2026-02-06 10:12:27.280332
157,"Punto grid",41.2806,1.6058,0,0.2,1.8,65,1.2,"DELTA",2026-02-06 10:12:27.383074
158,"Punto grid",41.3206,1.6058,0,0.3,1.9,68,1.2,"DELTA",2026-02-06 10:12:27.487319
159,"Punto grid",41.3606,1.6058,0,0.4,1.8,68,1.2,"DELTA",2026-02-06 10:12:27.5895
160,"Punto grid",41.4006,1.6058,0,0.4,1.8,68,1.2,"BAJO LLOBREGAT",2026-02-06 10:12:27.691814
161,"Punto grid",41.4406,1.6058,0,0.4,1.8,60,1.2,"BAJO LLOBREGAT",2026-02-06 10:12:27.793705
162,"Punto grid",41.4806,1.6058,0,0.4,2,60,1.4,"BAJO LLOBREGAT",2026-02-06 10:12:27.895694
163,"Punto grid",41.5206,1.6058,0,0.4,2,60,1.4,"BAJO LLOBREGAT",2026-02-06 10:12:27.997799
164,"Punto grid",41.5606,1.6058,0,0.6,2.2,60,1.4,"BAJO LLOBREGAT",2026-02-06 10:12:28.100017
165,"Punto grid",41.6006,1.6058,0,0.6,1.8,53,1.2,"BAJO LLOBREGAT",2026-02-06 10:12:28.20336
166,"Punto grid",41.6406,1.6058,0,0.6,1.8,53,1.2,"BAJO LLOBREGAT",2026-02-06 10:12:28.306354
167,"Punto grid",41.6806,1.6058,0,1,2.4,53,1.4,"BAJO LLOBREGAT",2026-02-06 10:12:28.408416
168,"Punto grid",41.7206,1.6058,0,1,2.4,48,1.4,"MEDIO LLOBREGAT",2026-02-06 10:12:28.51085
169,"Punto grid",41.7606,1.6058,0,1,2.4,48,1.4,"MEDIO LLOBREGAT",2026-02-06 10:12:28.612107
170,"Punto grid",41.8006,1.6058,0,1.2,2,48,0.8,"MEDIO LLOBREGAT",2026-02-06 10:12:28.714113
171,"Punto grid",41.8406,1.6058,0,1.2,2,48,0.8,"MEDIO LLOBREGAT",2026-02-06 10:12:28.816168
172,"Punto grid",41.8806,1.6058,0,1.2,1.8,48,1,"MEDIO LLOBREGAT",2026-02-06 10:12:28.918197
173,"Punto grid",41.9206,1.6058,0,1.3,1.5,48,1.1,"MEDIO LLOBREGAT",2026-02-06 10:12:29.020349
174,"Punto grid",41.9606,1.6058,0,1.3,1.5,45,1.1,"MEDIO LLOBREGAT",2026-02-06 10:12:29.124739
175,"Punto grid",42.0006,1.6058,0,1.4,1.6,45,1,"ALTO LLOBREGAT/BERGUEDÀ",2026-02-06 10:12:29.227024
176,"Punto grid",42.0406,1.6058,0,3.4,4.4,45,2.6,"ALTO LLOBREGAT/BERGUEDÀ",2026-02-06 10:12:29.331701
177,"Punto grid",42.0806,1.6058,0,3.6,5.7,45,2.5,"ALTO LLOBREGAT/BERGUEDÀ",2026-02-06 10:12:29.433786
178,"Punto grid",42.1206,1.6058,0.1,2.9,7.7,45,3.4,"ALTO LLOBREGAT/BERGUEDÀ",2026-02-06 10:12:29.535908
179,"Punto grid",42.1606,1.6058,0.3,3.6,8.7,45,3.9,"ALTO LLOBREGAT/BERGUEDÀ",2026-02-06 10:12:29.638118
180,"Punto grid",42.2006,1.6058,0.3,2.1,9.2,48,5.2,"ALTO LLOBREGAT/BERGUEDÀ",2026-02-06 10:12:29.741034
181,"Punto grid",42.2406,1.6058,1.1,2.4,11.2,48,5.5,"ALTO LLOBREGAT/BERGUEDÀ",2026-02-06 10:12:29.843459
182,"Punto grid",42.2806,1.6058,0.1,1,9.7,48,5.5,"ALTO LLOBREGAT/BERGUEDÀ",2026-02-06 10:12:29.946339
183,"Punto grid",41.2806,1.6458,0,0.2,1.8,65,1.2,"DELTA",2026-02-06 10:12:30.048923
184,"Punto grid",41.3206,1.6458,0,0.3,1.9,68,1.2,"DELTA",2026-02-06 10:12:30.150978
185,"Punto grid",41.3606,1.6458,0,0.4,1.8,68,1.2,"DELTA",2026-02-06 10:12:30.252933
186,"Punto grid",41.4006,1.6458,0,0.4,1.8,68,1.2,"BAJO LLOBREGAT",2026-02-06 10:12:30.35608
187,"Punto grid",41.4406,1.6458,0,0.4,1.8,60,1.2,"BAJO LLOBREGAT",2026-02-06 10:12:30.458761
188,"Punto grid",41.4806,1.6458,0,0.4,2,60,1.4,"BAJO LLOBREGAT",2026-02-06 10:12:30.561272
189,"Punto grid",41.5206,1.6458,0,0.4,2,60,1.4,"BAJO LLOBREGAT",2026-02-06 10:12:30.663433
190,"Punto grid",41.5606,1.6458,0,0.6,2.2,60,1.4,"BAJO LLOBREGAT",2026-02-06 10:12:30.76722
191,"Punto grid",41.6006,1.6458,0,0.6,1.8,53,1.2,"BAJO LLOBREGAT",2026-02-06 10:12:30.869291
192,"Punto grid",41.6406,1.6458,0,0.6,1.8,53,1.2,"BAJO LLOBREGAT",2026-02-06 10:12:30.970963
193,"Punto grid",41.6806,1.6458,0,1,2.4,53,1.4,"BAJO LLOBREGAT",2026-02-06 10:12:31.074392
194,"Punto grid",41.7206,1.6458,0,1,2.4,48,1.4,"MEDIO LLOBREGAT",2026-02-06 10:12:31.176518
195,"Punto grid",41.7606,1.6458,0,1,2.4,48,1.4,"MEDIO LLOBREGAT",2026-02-06 10:12:31.278682
196,"Punto grid",41.8006,1.6458,0,1.2,2,48,0.8,"MEDIO LLOBREGAT",2026-02-06 10:12:31.381724
197,"Punto grid",41.8406,1.6458,0,1.2,2,48,0.8,"MEDIO LLOBREGAT",2026-02-06 10:12:31.484114
198,"Punto grid",41.8806,1.6458,0,1.2,1.8,48,1,"MEDIO LLOBREGAT",2026-02-06 10:12:31.586626
199,"Punto grid",41.9206,1.6458,0,1.3,1.5,48,1.1,"MEDIO LLOBREGAT",2026-02-06 10:12:31.688653
200,"Punto grid",41.9606,1.6458,0,1.3,1.5,45,1.1,"MEDIO LLOBREGAT",2026-02-06 10:12:31.791944
201,"Punto grid",42.0006,1.6458,0,1.4,1.6,45,1,"ALTO LLOBREGAT/BERGUEDÀ",2026-02-06 10:12:32.190047
202,"Punto grid",42.0406,1.6458,0,3.4,4.4,45,2.6,"ALTO LLOBREGAT/BERGUEDÀ",2026-02-06 10:12:32.297003
203,"Punto grid",42.0806,1.6458,0,3.4,4.4,45,2.6,"ALTO LLOBREGAT/BERGUEDÀ",2026-02-06 10:12:32.405291
204,"Punto grid",42.1206,1.6458,0,0.9,4.6,45,2.9,"ALTO LLOBREGAT/BERGUEDÀ",2026-02-06 10:12:32.512512
205,"Punto grid",42.1606,1.6458,0.1,2.2,7.6,48,4.5,"ALTO LLOBREGAT/BERGUEDÀ",2026-02-06 10:12:32.619753
206,"Punto grid",42.2006,1.6458,0.3,1.7,8.4,48,5.3,"ALTO LLOBREGAT/BERGUEDÀ",2026-02-06 10:12:32.729384
207,"Punto grid",42.2406,1.6458,0.9,2,9.5,48,4.8,"ALTO LLOBREGAT/BERGUEDÀ",2026-02-06 10:12:32.837141
208,"Punto grid",42.2806,1.6458,0,0.4,6.7,48,3.7,"ALTO LLOBREGAT/BERGUEDÀ",2026-02-06 10:12:32.94529
209,"Punto grid",41.2806,1.6858,0,0,1.6,65,1.2,"DELTA",2026-02-06 10:12:33.052721
210,"Punto grid",41.3206,1.6858,0,0.6,2,68,1.2,"DELTA",2026-02-06 10:12:33.159756
211,"Punto grid",41.3606,1.6858,0,0.4,1.8,68,1.2,"DELTA",2026-02-06 10:12:33.26694
212,"Punto grid",41.4006,1.6858,0,0.4,1.8,68,1.2,"BAJO LLOBREGAT",2026-02-06 10:12:33.374259
213,"Punto grid",41.4406,1.6858,0,0.3,1.7,60,1.2,"BAJO LLOBREGAT",2026-02-06 10:12:33.481171
214,"Punto grid",41.4806,1.6858,0,0.4,1.6,60,1.2,"BAJO LLOBREGAT",2026-02-06 10:12:33.588211
215,"Punto grid",41.5206,1.6858,0,0.4,1.6,60,1.2,"BAJO LLOBREGAT",2026-02-06 10:12:33.694995
216,"Punto grid",41.5606,1.6858,0,0.9,2.1,60,1.2,"BAJO LLOBREGAT",2026-02-06 10:12:33.801843
217,"Punto grid",41.6006,1.6858,0,1,2,53,1,"BAJO LLOBREGAT",2026-02-06 10:12:33.909452
218,"Punto grid",41.6406,1.6858,0,1,2,53,1,"BAJO LLOBREGAT",2026-02-06 10:12:34.017612
219,"Punto grid",41.6806,1.6858,0,1.2,2.2,53,1,"BAJO LLOBREGAT",2026-02-06 10:12:34.124926
220,"Punto grid",41.7206,1.6858,0,1,2,48,1,"MEDIO LLOBREGAT",2026-02-06 10:12:34.232369
221,"Punto grid",41.7606,1.6858,0,1,2,48,1,"MEDIO LLOBREGAT",2026-02-06 10:12:34.339386
222,"Punto grid",41.8006,1.6858,0,0.9,1.5,48,0.6,"MEDIO LLOBREGAT",2026-02-06 10:12:34.446813
223,"Punto grid",41.8406,1.6858,0,0.9,1.5,48,0.6,"MEDIO LLOBREGAT",2026-02-06 10:12:34.556675
224,"Punto grid",41.8806,1.6858,0,0.7,1.1,48,0.6,"MEDIO LLOBREGAT",2026-02-06 10:12:34.664544
225,"Punto grid",41.9206,1.6858,0,1.1,1.3,48,1.1,"MEDIO LLOBREGAT",2026-02-06 10:12:34.771839
226,"Punto grid",41.9606,1.6858,0,1.1,1.3,45,1.1,"MEDIO LLOBREGAT",2026-02-06 10:12:34.878861
227,"Punto grid",42.0006,1.6858,0,1.4,1.4,45,1.2,"ALTO LLOBREGAT/BERGUEDÀ",2026-02-06 10:12:34.986751
228,"Punto grid",42.0406,1.6858,0,2.8,3.9,45,2.4,"ALTO LLOBREGAT/BERGUEDÀ",2026-02-06 10:12:35.094895
229,"Punto grid",42.0806,1.6858,0,2.8,3.9,45,2.4,"ALTO LLOBREGAT/BERGUEDÀ",2026-02-06 10:12:35.202334
230,"Punto grid",42.1206,1.6858,0,0.3,3.1,45,1.8,"ALTO LLOBREGAT/BERGUEDÀ",2026-02-06 10:12:35.309697
231,"Punto grid",42.1606,1.6858,0,1.5,5.8,45,3.5,"ALTO LLOBREGAT/BERGUEDÀ",2026-02-06 10:12:35.417177
232,"Punto grid",42.2006,1.6858,0.5,1.1,6.1,48,4,"ALTO LLOBREGAT/BERGUEDÀ",2026-02-06 10:12:35.524226
233,"Punto grid",42.2406,1.6858,0.2,0.7,7.2,48,4.3,"ALTO LLOBREGAT/BERGUEDÀ",2026-02-06 10:12:35.63164
234,"Punto grid",42.2806,1.6858,0,0.1,5.3,48,2.9,"ALTO LLOBREGAT/BERGUEDÀ",2026-02-06 10:12:35.738557
235,"Punto grid",41.2806,1.7258,0,0,1.4,65,1.2,"DELTA",2026-02-06 10:12:35.846417
236,"Punto grid",41.3206,1.7258,0,0.6,2,55,1.2,"DELTA",2026-02-06 10:12:35.953363
237,"Punto grid",41.3606,1.7258,0,0,1.2,55,1.2,"DELTA",2026-02-06 10:12:36.061169
238,"Punto grid",41.4006,1.7258,0,0,1.2,55,1.2,"BAJO LLOBREGAT",2026-02-06 10:12:36.171684
239,"Punto grid",41.4406,1.7258,0,0.2,1.2,55,1,"BAJO LLOBREGAT",2026-02-06 10:12:36.281625
240,"Punto grid",41.4806,1.7258,0,0.4,1.4,55,1,"BAJO LLOBREGAT",2026-02-06 10:12:36.389509
241,"Punto grid",41.5206,1.7258,0,0.4,1.4,55,1,"BAJO LLOBREGAT",2026-02-06 10:12:36.496354
242,"Punto grid",41.5606,1.7258,0,1.9,3.1,55,1.2,"BAJO LLOBREGAT",2026-02-06 10:12:36.604038
243,"Punto grid",41.6006,1.7258,0,1.8,2.8,53,1.2,"BAJO LLOBREGAT",2026-02-06 10:12:36.712265
244,"Punto grid",41.6406,1.7258,0,1.8,2.8,53,1.2,"BAJO LLOBREGAT",2026-02-06 10:12:36.819422
245,"Punto grid",41.6806,1.7258,0,1.1,1.9,53,0.8,"BAJO LLOBREGAT",2026-02-06 10:12:36.926374
246,"Punto grid",41.7206,1.7258,0,0.8,1.6,45,0.8,"MEDIO LLOBREGAT",2026-02-06 10:12:37.033625
247,"Punto grid",41.7606,1.7258,0,0.8,1.6,45,0.8,"MEDIO LLOBREGAT",2026-02-06 10:12:37.141101
248,"Punto grid",41.8006,1.7258,0,0.6,1.2,45,0.6,"MEDIO LLOBREGAT",2026-02-06 10:12:37.248338
249,"Punto grid",41.8406,1.7258,0,0.6,1.2,45,0.6,"MEDIO LLOBREGAT",2026-02-06 10:12:37.355278
250,"Punto grid",41.8806,1.7258,0,0.9,1.3,45,0.7,"MEDIO LLOBREGAT",2026-02-06 10:12:37.462331
251,"Punto grid",41.9206,1.7258,0,1.4,1.8,45,1,"MEDIO LLOBREGAT",2026-02-06 10:12:37.569493
252,"Punto grid",41.9606,1.7258,0,1.4,1.8,45,1,"MEDIO LLOBREGAT",2026-02-06 10:12:37.676475
253,"Punto grid",42.0006,1.7258,0,1,1,45,1,"ALTO LLOBREGAT/BERGUEDÀ",2026-02-06 10:12:37.783787
254,"Punto grid",42.0406,1.7258,0,1.4,3.2,45,1.8,"ALTO LLOBREGAT/BERGUEDÀ",2026-02-06 10:12:37.894591
255,"Punto grid",42.0806,1.7258,0,1.7,5.1,35,3.2,"ALTO LLOBREGAT/BERGUEDÀ",2026-02-06 10:12:38.004299
256,"Punto grid",42.1206,1.7258,0,0.1,2.8,35,1.9,"ALTO LLOBREGAT/BERGUEDÀ",2026-02-06 10:12:38.111407
257,"Punto grid",42.1606,1.7258,0,0.9,5.2,48,3.6,"ALTO LLOBREGAT/BERGUEDÀ",2026-02-06 10:12:38.219306
258,"Punto grid",42.2006,1.7258,0,0.2,3.9,48,3,"ALTO LLOBREGAT/BERGUEDÀ",2026-02-06 10:12:38.329133
259,"Punto grid",42.2406,1.7258,0.1,0.4,4.5,48,2.7,"ALTO LLOBREGAT/BERGUEDÀ",2026-02-06 10:12:38.437866
260,"Punto grid",42.2806,1.7258,0,0,3.4,48,1.7,"ALTO LLOBREGAT/BERGUEDÀ",2026-02-06 10:12:38.545486
261,"Punto grid",41.2806,1.7658,0,0,1.4,65,1.2,"DELTA",2026-02-06 10:12:38.652816
262,"Punto grid",41.3206,1.7658,0,0.6,2,55,1.2,"DELTA",2026-02-06 10:12:38.76018
263,"Punto grid",41.3606,1.7658,0,0,1.2,55,1.2,"DELTA",2026-02-06 10:12:38.867306
264,"Punto grid",41.4006,1.7658,0,0,1.2,55,1.2,"BAJO LLOBREGAT",2026-02-06 10:12:38.974462
265,"Punto grid",41.4406,1.7658,0,0.2,1.2,55,1,"BAJO LLOBREGAT",2026-02-06 10:12:39.081427
266,"Punto grid",41.4806,1.7658,0,0.4,1.4,55,1,"BAJO LLOBREGAT",2026-02-06 10:12:39.191492
267,"Punto grid",41.5206,1.7658,0,0.4,1.4,55,1,"BAJO LLOBREGAT",2026-02-06 10:12:39.299545
268,"Punto grid",41.5606,1.7658,0,1.9,3.1,55,1.2,"BAJO LLOBREGAT",2026-02-06 10:12:39.406565
269,"Punto grid",41.6006,1.7658,0,1.8,2.8,53,1.2,"BAJO LLOBREGAT",2026-02-06 10:12:39.514027
270,"Punto grid",41.6406,1.7658,0,1.8,2.8,53,1.2,"BAJO LLOBREGAT",2026-02-06 10:12:39.622936
271,"Punto grid",41.6806,1.7658,0,1.1,1.9,53,0.8,"BAJO LLOBREGAT",2026-02-06 10:12:39.729814
272,"Punto grid",41.7206,1.7658,0,0.8,1.6,45,0.8,"MEDIO LLOBREGAT",2026-02-06 10:12:39.836778
273,"Punto grid",41.7606,1.7658,0,0.8,1.6,45,0.8,"MEDIO LLOBREGAT",2026-02-06 10:12:39.944291
274,"Punto grid",41.8006,1.7658,0,0.6,1.2,45,0.6,"MEDIO LLOBREGAT",2026-02-06 10:12:40.05202
275,"Punto grid",41.8406,1.7658,0,0.6,1.2,45,0.6,"MEDIO LLOBREGAT",2026-02-06 10:12:40.1589
276,"Punto grid",41.8806,1.7658,0,0.9,1.3,45,0.7,"MEDIO LLOBREGAT",2026-02-06 10:12:40.267767
277,"Punto grid",41.9206,1.7658,0,1.4,1.8,45,1,"MEDIO LLOBREGAT",2026-02-06 10:12:40.37957
278,"Punto grid",41.9606,1.7658,0,1.4,1.8,45,1,"MEDIO LLOBREGAT",2026-02-06 10:12:40.486349
279,"Punto grid",42.0006,1.7658,0,1,1,45,1,"ALTO LLOBREGAT/BERGUEDÀ",2026-02-06 10:12:40.594683
280,"Punto grid",42.0406,1.7658,0,1,1,45,1,"ALTO LLOBREGAT/BERGUEDÀ",2026-02-06 10:12:40.701554
281,"Punto grid",42.0806,1.7658,0,1.7,5.1,35,3.2,"ALTO LLOBREGAT/BERGUEDÀ",2026-02-06 10:12:40.810351
282,"Punto grid",42.1206,1.7658,0,0,1.7,35,1.1,"ALTO LLOBREGAT/BERGUEDÀ",2026-02-06 10:12:40.917698
283,"Punto grid",42.1606,1.7658,0,0.8,3.7,48,2.2,"ALTO LLOBREGAT/BERGUEDÀ",2026-02-06 10:12:41.024791
284,"Punto grid",42.2006,1.7658,0,0.1,2.3,48,1.7,"ALTO LLOBREGAT/BERGUEDÀ",2026-02-06 10:12:41.13279
285,"Punto grid",42.2406,1.7658,0,0,2.7,35,1.7,"ALTO LLOBREGAT/BERGUEDÀ",2026-02-06 10:12:41.240218
286,"Punto grid",42.2806,1.7658,0,0,1.9,48,1.1,"ALTO LLOBREGAT/BERGUEDÀ",2026-02-06 10:12:41.349978
287,"Punto grid",41.2806,1.8058,0,1,2.2,65,1.2,"DELTA",2026-02-06 10:12:41.459129
288,"Punto grid",41.3206,1.8058,0,1,2.2,55,1.2,"DELTA",2026-02-06 10:12:41.56757
289,"Punto grid",41.3606,1.8058,0,0.6,1.6,55,1,"DELTA",2026-02-06 10:12:41.675294
290,"Punto grid",41.4006,1.8058,0,0.6,1.6,55,1,"BAJO LLOBREGAT",2026-02-06 10:12:41.782378
291,"Punto grid",41.4406,1.8058,0,0.2,1,55,0.8,"BAJO LLOBREGAT",2026-02-06 10:12:41.889679
292,"Punto grid",41.4806,1.8058,0,0.3,1.1,55,0.8,"BAJO LLOBREGAT",2026-02-06 10:12:41.99702
293,"Punto grid",41.5206,1.8058,0,0.3,1.1,55,0.8,"BAJO LLOBREGAT",2026-02-06 10:12:42.104437
294,"Punto grid",41.5606,1.8058,0,1.2,2.2,55,0.8,"BAJO LLOBREGAT",2026-02-06 10:12:42.211947
295,"Punto grid",41.6006,1.8058,0,1.6,2.4,53,1,"BAJO LLOBREGAT",2026-02-06 10:12:42.31898
296,"Punto grid",41.6406,1.8058,0,0.7,1.5,53,0.8,"BAJO LLOBREGAT",2026-02-06 10:12:42.426529
297,"Punto grid",41.6806,1.8058,0,0.7,1.5,53,0.8,"BAJO LLOBREGAT",2026-02-06 10:12:42.533634
298,"Punto grid",41.7206,1.8058,0,0.7,1.3,45,0.7,"MEDIO LLOBREGAT",2026-02-06 10:12:42.640474
299,"Punto grid",41.7606,1.8058,0,0.7,1.3,45,0.7,"MEDIO LLOBREGAT",2026-02-06 10:12:42.747511
300,"Punto grid",41.8006,1.8058,0,0.8,1.2,45,0.8,"MEDIO LLOBREGAT",2026-02-06 10:12:42.856054
301,"Punto grid",41.8406,1.8058,0,0.8,1.2,45,0.8,"MEDIO LLOBREGAT",2026-02-06 10:12:43.235244
302,"Punto grid",41.8806,1.8058,0,1,1.4,45,0.8,"MEDIO LLOBREGAT",2026-02-06 10:12:43.340612
303,"Punto grid",41.9206,1.8058,0,1,1.3,45,0.8,"MEDIO LLOBREGAT",2026-02-06 10:12:43.443486
304,"Punto grid",41.9606,1.8058,0,1,1.3,45,0.8,"MEDIO LLOBREGAT",2026-02-06 10:12:43.547791
305,"Punto grid",42.0006,1.8058,0,1,1.2,45,1,"ALTO LLOBREGAT/BERGUEDÀ",2026-02-06 10:12:43.651132
306,"Punto grid",42.0406,1.8058,0,1,1.2,45,1,"ALTO LLOBREGAT/BERGUEDÀ",2026-02-06 10:12:43.75345
307,"Punto grid",42.0806,1.8058,0,0.8,2.5,35,1.7,"ALTO LLOBREGAT/BERGUEDÀ",2026-02-06 10:12:43.855949
308,"Punto grid",42.1206,1.8058,0,0,1.1,35,0.7,"ALTO LLOBREGAT/BERGUEDÀ",2026-02-06 10:12:43.95842
309,"Punto grid",42.1606,1.8058,0,0.2,1,48,0.5,"ALTO LLOBREGAT/BERGUEDÀ",2026-02-06 10:12:44.061284
310,"Punto grid",42.2006,1.8058,0,0,0.8,48,0.4,"ALTO LLOBREGAT/BERGUEDÀ",2026-02-06 10:12:44.163898
311,"Punto grid",42.2406,1.8058,0,0,0.9,25,0.6,"ALTO LLOBREGAT/BERGUEDÀ",2026-02-06 10:12:44.266959
312,"Punto grid",42.2806,1.8058,0,0,1.4,48,0.7,"ALTO LLOBREGAT/BERGUEDÀ",2026-02-06 10:12:44.369377
313,"Punto grid",41.2806,1.8458,0,0.2,1.4,65,1.2,"DELTA",2026-02-06 10:12:44.473144
314,"Punto grid",41.3206,1.8458,0,0.4,1.4,50,1,"DELTA",2026-02-06 10:12:44.575446
315,"Punto grid",41.3606,1.8458,0,1,1.8,50,1,"DELTA",2026-02-06 10:12:44.677519
316,"Punto grid",41.4006,1.8458,0,1,1.8,50,1,"BAJO LLOBREGAT",2026-02-06 10:12:44.779432
317,"Punto grid",41.4406,1.8458,0,0,0.6,45,0.6,"BAJO LLOBREGAT",2026-02-06 10:12:44.882353
318,"Punto grid",41.4806,1.8458,0,0.2,0.8,45,0.6,"BAJO LLOBREGAT",2026-02-06 10:12:44.986512
319,"Punto grid",41.5206,1.8458,0,0.2,0.8,45,0.6,"BAJO LLOBREGAT",2026-02-06 10:12:45.088775
320,"Punto grid",41.5606,1.8458,0,0.6,1.2,45,0.6,"BAJO LLOBREGAT",2026-02-06 10:12:45.190985
321,"Punto grid",41.6006,1.8458,0,1,1.8,45,0.7,"BAJO LLOBREGAT",2026-02-06 10:12:45.293267
322,"Punto grid",41.6406,1.8458,0,1,1.8,45,0.7,"BAJO LLOBREGAT",2026-02-06 10:12:45.396306
323,"Punto grid",41.6806,1.8458,0,1.1,1.7,45,0.8,"BAJO LLOBREGAT",2026-02-06 10:12:45.498582
324,"Punto grid",41.7206,1.8458,0,0.8,1.2,43,0.8,"MEDIO LLOBREGAT",2026-02-06 10:12:45.60103
325,"Punto grid",41.7606,1.8458,0,0.8,1.2,43,0.8,"MEDIO LLOBREGAT",2026-02-06 10:12:45.705754
326,"Punto grid",41.8006,1.8458,0,0.8,1.2,43,0.8,"MEDIO LLOBREGAT",2026-02-06 10:12:45.80904
327,"Punto grid",41.8406,1.8458,0,0.8,1.2,38,0.8,"MEDIO LLOBREGAT",2026-02-06 10:12:45.912001
328,"Punto grid",41.8806,1.8458,0,0.7,0.9,38,0.7,"MEDIO LLOBREGAT",2026-02-06 10:12:46.014208
329,"Punto grid",41.9206,1.8458,0,0.8,0.8,38,0.8,"MEDIO LLOBREGAT",2026-02-06 10:12:46.116367
330,"Punto grid",41.9606,1.8458,0,0.8,0.8,35,0.8,"MEDIO LLOBREGAT",2026-02-06 10:12:46.219942
331,"Punto grid",42.0006,1.8458,0,0.8,1.1,35,0.8,"ALTO LLOBREGAT/BERGUEDÀ",2026-02-06 10:12:46.322411
332,"Punto grid",42.0406,1.8458,0,0.4,1.1,35,0.7,"ALTO LLOBREGAT/BERGUEDÀ",2026-02-06 10:12:46.42455
333,"Punto grid",42.0806,1.8458,0,0.4,1.1,35,0.7,"ALTO LLOBREGAT/BERGUEDÀ",2026-02-06 10:12:46.527209
334,"Punto grid",42.1206,1.8458,0,0,0.2,35,0.2,"ALTO LLOBREGAT/BERGUEDÀ",2026-02-06 10:12:46.631397
335,"Punto grid",42.1606,1.8458,0,0,0.3,35,0.2,"ALTO LLOBREGAT/BERGUEDÀ",2026-02-06 10:12:46.736443
336,"Punto grid",42.2006,1.8458,0,0,0.2,25,0.2,"ALTO LLOBREGAT/BERGUEDÀ",2026-02-06 10:12:46.838961
337,"Punto grid",42.2406,1.8458,0,0,0.5,25,0.3,"ALTO LLOBREGAT/BERGUEDÀ",2026-02-06 10:12:46.941182
338,"Punto grid",42.2806,1.8458,0,0,1,25,0.6,"ALTO LLOBREGAT/BERGUEDÀ",2026-02-06 10:12:47.043536
339,"Punto grid",41.2806,1.8858,0,0.4,1.4,50,1,"DELTA",2026-02-06 10:12:47.146431
340,"Punto grid",41.3206,1.8858,0,0.4,1.4,50,1,"DELTA",2026-02-06 10:12:47.248749
341,"Punto grid",41.3606,1.8858,0,1,1.8,50,1,"DELTA",2026-02-06 10:12:47.35102
342,"Punto grid",41.4006,1.8858,0,1,1.8,50,1,"BAJO LLOBREGAT",2026-02-06 10:12:47.453219
343,"Punto grid",41.4406,1.8858,0,0,0.6,45,0.6,"BAJO LLOBREGAT",2026-02-06 10:12:47.555761
344,"Punto grid",41.4806,1.8858,0,0.2,0.8,45,0.6,"BAJO LLOBREGAT",2026-02-06 10:12:47.658319
345,"Punto grid",41.5206,1.8858,0,0.2,0.8,45,0.6,"BAJO LLOBREGAT",2026-02-06 10:12:47.760761
346,"Punto grid",41.5606,1.8858,0,0.6,1.2,45,0.6,"BAJO LLOBREGAT",2026-02-06 10:12:47.863157
347,"Punto grid",41.6006,1.8858,0,0.6,1.2,45,0.6,"BAJO LLOBREGAT",2026-02-06 10:12:47.965482
348,"Punto grid",41.6406,1.8858,0,1,1.8,45,0.7,"BAJO LLOBREGAT",2026-02-06 10:12:48.068127
349,"Punto grid",41.6806,1.8858,0,1.1,1.7,45,0.8,"BAJO LLOBREGAT",2026-02-06 10:12:48.170843
350,"Punto grid",41.7206,1.8858,0,0.8,1.2,43,0.8,"MEDIO LLOBREGAT",2026-02-06 10:12:48.275419
351,"Punto grid",41.7606,1.8858,0,0.8,1.2,43,0.8,"MEDIO LLOBREGAT",2026-02-06 10:12:48.378023
352,"Punto grid",41.8006,1.8858,0,0.8,1.2,43,0.8,"MEDIO LLOBREGAT",2026-02-06 10:12:48.481936
353,"Punto grid",41.8406,1.8858,0,0.8,1.2,38,0.8,"MEDIO LLOBREGAT",2026-02-06 10:12:48.584118
354,"Punto grid",41.8806,1.8858,0,0.7,0.9,38,0.7,"MEDIO LLOBREGAT",2026-02-06 10:12:48.687475
355,"Punto grid",41.9206,1.8858,0,0.8,0.8,38,0.8,"MEDIO LLOBREGAT",2026-02-06 10:12:48.789745
356,"Punto grid",41.9606,1.8858,0,0.8,0.8,38,0.8,"MEDIO LLOBREGAT",2026-02-06 10:12:48.892821
357,"Punto grid",42.0006,1.8858,0,0.8,1.1,35,0.8,"ALTO LLOBREGAT/BERGUEDÀ",2026-02-06 10:12:48.995172
358,"Punto grid",42.0406,1.8858,0,0.4,1.1,35,0.7,"ALTO LLOBREGAT/BERGUEDÀ",2026-02-06 10:12:49.097403
359,"Punto grid",42.0806,1.8858,0,0.4,1.1,35,0.7,"ALTO LLOBREGAT/BERGUEDÀ",2026-02-06 10:12:49.199997
360,"Punto grid",42.1206,1.8858,0,0,0,35,0,"ALTO LLOBREGAT/BERGUEDÀ",2026-02-06 10:12:49.302329
361,"Punto grid",42.1606,1.8858,0,0,0,35,0,"ALTO LLOBREGAT/BERGUEDÀ",2026-02-06 10:12:49.405079
362,"Punto grid",42.2006,1.8858,0,0,0,25,0,"ALTO LLOBREGAT/BERGUEDÀ",2026-02-06 10:12:49.507677
363,"Punto grid",42.2406,1.8858,0,0,0.3,25,0.2,"ALTO LLOBREGAT/BERGUEDÀ",2026-02-06 10:12:49.610355
364,"Punto grid",42.2806,1.8858,0,0,1.2,13,0.7,"ALTO LLOBREGAT/BERGUEDÀ",2026-02-06 10:12:49.712522
365,"Punto grid",41.2806,1.9258,0,0,0.8,50,0.8,"DELTA",2026-02-06 10:12:49.815524
366,"Punto grid",41.3206,1.9258,0,0,0.8,50,0.8,"DELTA",2026-02-06 10:12:49.919977
367,"Punto grid",41.3606,1.9258,0,0,0.6,50,0.6,"DELTA",2026-02-06 10:12:50.021945
368,"Punto grid",41.4006,1.9258,0,0,0.6,50,0.6,"BAJO LLOBREGAT",2026-02-06 10:12:50.124115
369,"Punto grid",41.4406,1.9258,0,0.4,0.8,45,0.4,"BAJO LLOBREGAT",2026-02-06 10:12:50.227025
370,"Punto grid",41.4806,1.9258,0,0,0.4,45,0.4,"BAJO LLOBREGAT",2026-02-06 10:12:50.329291
371,"Punto grid",41.5206,1.9258,0,0,0.4,45,0.4,"BAJO LLOBREGAT",2026-02-06 10:12:50.432125
372,"Punto grid",41.5606,1.9258,0,0.6,1,45,0.4,"BAJO LLOBREGAT",2026-02-06 10:12:50.534131
373,"Punto grid",41.6006,1.9258,0,1.5,2.4,45,1.2,"BAJO LLOBREGAT",2026-02-06 10:12:50.636997
374,"Punto grid",41.6406,1.9258,0,1.5,2.4,45,1.2,"BAJO LLOBREGAT",2026-02-06 10:12:50.739231
375,"Punto grid",41.6806,1.9258,0,1.5,2.5,45,1.2,"BAJO LLOBREGAT",2026-02-06 10:12:50.841642
376,"Punto grid",41.7206,1.9258,0,0.8,1.4,43,0.8,"MEDIO LLOBREGAT",2026-02-06 10:12:50.944338
377,"Punto grid",41.7606,1.9258,0,0.8,1.4,43,0.8,"MEDIO LLOBREGAT",2026-02-06 10:12:51.046673
378,"Punto grid",41.8006,1.9258,0,0.8,1,43,0.8,"MEDIO LLOBREGAT",2026-02-06 10:12:51.149277
379,"Punto grid",41.8406,1.9258,0,0.8,1,38,0.8,"MEDIO LLOBREGAT",2026-02-06 10:12:51.251632
380,"Punto grid",41.8806,1.9258,0,0.8,1,38,0.8,"MEDIO LLOBREGAT",2026-02-06 10:12:51.353697
381,"Punto grid",41.9206,1.9258,0,0.8,1,38,0.8,"MEDIO LLOBREGAT",2026-02-06 10:12:51.45606
382,"Punto grid",41.9606,1.9258,0,0.8,1,35,0.8,"MEDIO LLOBREGAT",2026-02-06 10:12:51.561064
383,"Punto grid",42.0006,1.9258,0,0.5,0.9,35,0.5,"ALTO LLOBREGAT/BERGUEDÀ",2026-02-06 10:12:51.663125
384,"Punto grid",42.0406,1.9258,0,0.1,0.7,35,0.6,"ALTO LLOBREGAT/BERGUEDÀ",2026-02-06 10:12:51.765318
385,"Punto grid",42.0806,1.9258,0,0.1,0.7,35,0.6,"ALTO LLOBREGAT/BERGUEDÀ",2026-02-06 10:12:51.867568
386,"Punto grid",42.1206,1.9258,0,0,0.2,35,0.2,"ALTO LLOBREGAT/BERGUEDÀ",2026-02-06 10:12:51.970349
387,"Punto grid",42.1606,1.9258,0,0,0,35,0,"ALTO LLOBREGAT/BERGUEDÀ",2026-02-06 10:12:52.073057
388,"Punto grid",42.2006,1.9258,0,0,0,25,0,"ALTO LLOBREGAT/BERGUEDÀ",2026-02-06 10:12:52.175677
389,"Punto grid",42.2406,1.9258,0,0,0.3,25,0.2,"ALTO LLOBREGAT/BERGUEDÀ",2026-02-06 10:12:52.280547
390,"Punto grid",42.2806,1.9258,0,0,1.4,25,1,"ALTO LLOBREGAT/BERGUEDÀ",2026-02-06 10:12:52.384034
391,"Punto grid",41.2806,1.9658,0,0,0.6,48,0.6,"DELTA",2026-02-06 10:12:52.486171
392,"Punto grid",41.3206,1.9658,0,0,0.8,48,0.8,"DELTA",2026-02-06 10:12:52.588931
393,"Punto grid",41.3606,1.9658,0,0,0.6,48,0.6,"DELTA",2026-02-06 10:12:52.691273
394,"Punto grid",41.4006,1.9658,0,0.2,0.6,48,0.4,"BAJO LLOBREGAT",2026-02-06 10:12:52.794019
395,"Punto grid",41.4406,1.9658,0,0.4,0.8,50,0.4,"BAJO LLOBREGAT",2026-02-06 10:12:52.897264
396,"Punto grid",41.4806,1.9658,0,0,0.4,50,0.4,"BAJO LLOBREGAT",2026-02-06 10:12:53.000719
397,"Punto grid",41.5206,1.9658,0,0,0.4,50,0.4,"BAJO LLOBREGAT",2026-02-06 10:12:53.103285
398,"Punto grid",41.5606,1.9658,0,0.6,1,50,0.4,"BAJO LLOBREGAT",2026-02-06 10:12:53.208043
399,"Punto grid",41.6006,1.9658,0,1.5,2.4,50,1.2,"BAJO LLOBREGAT",2026-02-06 10:12:53.310745
400,"Punto grid",41.6406,1.9658,0,1.5,2.4,50,1.2,"BAJO LLOBREGAT",2026-02-06 10:12:53.414814
401,"Punto grid",41.6806,1.9658,0,2.4,5.6,50,2.8,"BAJO LLOBREGAT",2026-02-06 10:12:53.793266
402,"Punto grid",41.7206,1.9658,0,0.8,1.4,40,0.8,"MEDIO LLOBREGAT",2026-02-06 10:12:53.895298
403,"Punto grid",41.7606,1.9658,0,0.8,1.4,40,0.8,"MEDIO LLOBREGAT",2026-02-06 10:12:53.997387
404,"Punto grid",41.8006,1.9658,0,0.8,1,40,0.8,"MEDIO LLOBREGAT",2026-02-06 10:12:54.10011
405,"Punto grid",41.8406,1.9658,0,0.8,1,35,0.8,"MEDIO LLOBREGAT",2026-02-06 10:12:54.202368
406,"Punto grid",41.8806,1.9658,0,0.8,1,35,0.8,"MEDIO LLOBREGAT",2026-02-06 10:12:54.304248
407,"Punto grid",41.9206,1.9658,0,0.8,1,35,0.8,"MEDIO LLOBREGAT",2026-02-06 10:12:54.408222
408,"Punto grid",41.9606,1.9658,0,0.8,1,28,0.8,"MEDIO LLOBREGAT",2026-02-06 10:12:54.510606
409,"Punto grid",42.0006,1.9658,0,0.5,0.9,28,0.5,"ALTO LLOBREGAT/BERGUEDÀ",2026-02-06 10:12:54.612405
410,"Punto grid",42.0406,1.9658,0,0.1,0.7,28,0.6,"ALTO LLOBREGAT/BERGUEDÀ",2026-02-06 10:12:54.714576
411,"Punto grid",42.0806,1.9658,0,0.1,0.7,28,0.6,"ALTO LLOBREGAT/BERGUEDÀ",2026-02-06 10:12:54.816837
412,"Punto grid",42.1206,1.9658,0,0,0.3,28,0.2,"ALTO LLOBREGAT/BERGUEDÀ",2026-02-06 10:12:54.919131
413,"Punto grid",42.1606,1.9658,0,0,0.2,28,0.2,"ALTO LLOBREGAT/BERGUEDÀ",2026-02-06 10:12:55.023604
414,"Punto grid",42.2006,1.9658,0,0.4,0.4,23,0.3,"ALTO LLOBREGAT/BERGUEDÀ",2026-02-06 10:12:55.125683
415,"Punto grid",42.2406,1.9658,0,0,0.2,23,0.2,"ALTO LLOBREGAT/BERGUEDÀ",2026-02-06 10:12:55.227907
416,"Punto grid",42.2806,1.9658,0,2.6,3,23,1.4,"ALTO LLOBREGAT/BERGUEDÀ",2026-02-06 10:12:55.331124
417,"Punto grid",41.2806,2.0058,0,0,0.6,48,0.6,"DELTA",2026-02-06 10:12:55.433134
418,"Punto grid",41.3206,2.0058,0,0,0.6,48,0.6,"DELTA",2026-02-06 10:12:55.534884
419,"Punto grid",41.3606,2.0058,0,0.2,0.6,48,0.4,"DELTA",2026-02-06 10:12:55.636649
420,"Punto grid",41.4006,2.0058,0,0.2,0.6,48,0.4,"BAJO LLOBREGAT",2026-02-06 10:12:55.73865
421,"Punto grid",41.4406,2.0058,0,0,0.2,50,0.2,"BAJO LLOBREGAT",2026-02-06 10:12:55.840677
422,"Punto grid",41.4806,2.0058,0,0,0.2,50,0.2,"BAJO LLOBREGAT",2026-02-06 10:12:55.942883
423,"Punto grid",41.5206,2.0058,0,0,0.2,50,0.2,"BAJO LLOBREGAT",2026-02-06 10:12:56.045001
424,"Punto grid",41.5606,2.0058,0,0.8,1,50,0.4,"BAJO LLOBREGAT",2026-02-06 10:12:56.147245
425,"Punto grid",41.6006,2.0058,0,1,1.8,50,0.8,"BAJO LLOBREGAT",2026-02-06 10:12:56.249311
426,"Punto grid",41.6406,2.0058,0,2.4,5.6,50,2.8,"BAJO LLOBREGAT",2026-02-06 10:12:56.351609
427,"Punto grid",41.6806,2.0058,0,2.4,5.6,50,2.8,"BAJO LLOBREGAT",2026-02-06 10:12:56.453699
428,"Punto grid",41.7206,2.0058,0,0.8,1.4,40,0.8,"MEDIO LLOBREGAT",2026-02-06 10:12:56.556717
429,"Punto grid",41.7606,2.0058,0,0.8,1.4,40,0.8,"MEDIO LLOBREGAT",2026-02-06 10:12:56.660479
430,"Punto grid",41.8006,2.0058,0,0.8,1.2,40,0.8,"MEDIO LLOBREGAT",2026-02-06 10:12:56.762527
431,"Punto grid",41.8406,2.0058,0,0.8,1.2,35,0.8,"MEDIO LLOBREGAT",2026-02-06 10:12:56.864772
432,"Punto grid",41.8806,2.0058,0,0.6,0.9,35,0.6,"MEDIO LLOBREGAT",2026-02-06 10:12:56.966832
433,"Punto grid",41.9206,2.0058,0,0.6,0.8,35,0.6,"MEDIO LLOBREGAT",2026-02-06 10:12:57.068961
434,"Punto grid",41.9606,2.0058,0,0.6,0.8,28,0.6,"MEDIO LLOBREGAT",2026-02-06 10:12:57.171082
435,"Punto grid",42.0006,2.0058,0,0.3,1,28,0.7,"ALTO LLOBREGAT/BERGUEDÀ",2026-02-06 10:12:57.273521
436,"Punto grid",42.0406,2.0058,0,0.1,0.9,28,0.8,"ALTO LLOBREGAT/BERGUEDÀ",2026-02-06 10:12:57.375611
437,"Punto grid",42.0806,2.0058,0,0.1,0.9,28,0.8,"ALTO LLOBREGAT/BERGUEDÀ",2026-02-06 10:12:57.477762
438,"Punto grid",42.1206,2.0058,0,0,0.4,28,0.2,"ALTO LLOBREGAT/BERGUEDÀ",2026-02-06 10:12:57.580126
439,"Punto grid",42.1606,2.0058,0,0,0.2,28,0.2,"ALTO LLOBREGAT/BERGUEDÀ",2026-02-06 10:12:57.682442
440,"Punto grid",42.2006,2.0058,0,0.9,0.9,23,0.7,"ALTO LLOBREGAT/BERGUEDÀ",2026-02-06 10:12:57.784476
441,"Punto grid",42.2406,2.0058,0,0,0.1,23,0.1,"ALTO LLOBREGAT/BERGUEDÀ",2026-02-06 10:12:57.886486
442,"Punto grid",42.2806,2.0058,0,8.4,8.5,23,3.5,"ALTO LLOBREGAT/BERGUEDÀ",2026-02-06 10:12:57.988915
443,"Punto grid",41.2806,2.0458,0,0.2,0.6,48,0.4,"DELTA",2026-02-06 10:12:58.090974
444,"Punto grid",41.3206,2.0458,0,0.2,0.6,48,0.4,"DELTA",2026-02-06 10:12:58.193153
445,"Punto grid",41.3606,2.0458,0,0.2,0.4,48,0.2,"DELTA",2026-02-06 10:12:58.29955
446,"Punto grid",41.4006,2.0458,0,0.2,0.4,48,0.2,"BAJO LLOBREGAT",2026-02-06 10:12:58.40139
447,"Punto grid",41.4406,2.0458,0,0.6,0.8,50,0.6,"BAJO LLOBREGAT",2026-02-06 10:12:58.503344
448,"Punto grid",41.4806,2.0458,0,0,0.2,50,0.2,"BAJO LLOBREGAT",2026-02-06 10:12:58.60626
449,"Punto grid",41.5206,2.0458,0,0,0.2,50,0.2,"BAJO LLOBREGAT",2026-02-06 10:12:58.708314
450,"Punto grid",41.5606,2.0458,0,0.2,0.4,50,0.2,"BAJO LLOBREGAT",2026-02-06 10:12:58.810338
451,"Punto grid",41.6006,2.0458,0,1.2,1.6,50,1,"BAJO LLOBREGAT",2026-02-06 10:12:58.912566
452,"Punto grid",41.6406,2.0458,0,1.2,1.6,50,1,"BAJO LLOBREGAT",2026-02-06 10:12:59.015531
453,"Punto grid",41.6806,2.0458,0,1.1,2.1,50,0.9,"BAJO LLOBREGAT",2026-02-06 10:12:59.117505
454,"Punto grid",41.7206,2.0458,0,1,2.6,40,1.2,"MEDIO LLOBREGAT",2026-02-06 10:12:59.219778
455,"Punto grid",41.7606,2.0458,0,1,2.6,40,1.2,"MEDIO LLOBREGAT",2026-02-06 10:12:59.329309
456,"Punto grid",41.8006,2.0458,0,0.8,1.4,40,0.8,"MEDIO LLOBREGAT",2026-02-06 10:12:59.431201
457,"Punto grid",41.8406,2.0458,0,0.8,1.4,35,0.8,"MEDIO LLOBREGAT",2026-02-06 10:12:59.533017
458,"Punto grid",41.8806,2.0458,0,0.6,1.2,35,0.6,"MEDIO LLOBREGAT",2026-02-06 10:12:59.635838
459,"Punto grid",41.9206,2.0458,0,0.5,0.9,35,0.5,"MEDIO LLOBREGAT",2026-02-06 10:12:59.737847
460,"Punto grid",41.9606,2.0458,0,0.5,0.9,28,0.5,"MEDIO LLOBREGAT",2026-02-06 10:12:59.840189
461,"Punto grid",42.0006,2.0458,0,0.2,0.9,28,0.7,"ALTO LLOBREGAT/BERGUEDÀ",2026-02-06 10:12:59.944606
462,"Punto grid",42.0406,2.0458,0,0,0.8,28,0.8,"ALTO LLOBREGAT/BERGUEDÀ",2026-02-06 10:13:00.048055
463,"Punto grid",42.0806,2.0458,0,0,0.8,28,0.8,"ALTO LLOBREGAT/BERGUEDÀ",2026-02-06 10:13:00.15141
464,"Punto grid",42.1206,2.0458,0,0,0,28,0,"ALTO LLOBREGAT/BERGUEDÀ",2026-02-06 10:13:00.257162
465,"Punto grid",42.1606,2.0458,0,0,0,28,0,"ALTO LLOBREGAT/BERGUEDÀ",2026-02-06 10:13:00.416692
466,"Punto grid",42.2006,2.0458,0,0.2,0.2,23,0.2,"ALTO LLOBREGAT/BERGUEDÀ",2026-02-06 10:13:00.551837
467,"Punto grid",42.2406,2.0458,0,0,0,23,0,"ALTO LLOBREGAT/BERGUEDÀ",2026-02-06 10:13:00.691215
468,"Punto grid",42.2806,2.0458,0,6.5,6.5,23,3.5,"ALTO LLOBREGAT/BERGUEDÀ",2026-02-06 10:13:00.79402
469,"Punto grid",41.2806,2.0858,0,0.2,0.6,48,0.4,"DELTA",2026-02-06 10:13:00.896993
470,"Punto grid",41.3206,2.0858,0,0.2,0.6,48,0.4,"DELTA",2026-02-06 10:13:00.999092
471,"Punto grid",41.3606,2.0858,0,0.2,0.4,48,0.2,"DELTA",2026-02-06 10:13:01.101424
472,"Punto grid",41.4006,2.0858,0,0.2,0.4,48,0.2,"BAJO LLOBREGAT",2026-02-06 10:13:01.204021
473,"Punto grid",41.4406,2.0858,0,0.6,0.8,40,0.6,"BAJO LLOBREGAT",2026-02-06 10:13:01.30595
474,"Punto grid",41.4806,2.0858,0,0,0.2,40,0.2,"BAJO LLOBREGAT",2026-02-06 10:13:01.407962
475,"Punto grid",41.5206,2.0858,0,0,0.2,40,0.2,"BAJO LLOBREGAT",2026-02-06 10:13:01.510703
476,"Punto grid",41.5606,2.0858,0,0.2,0.4,40,0.2,"BAJO LLOBREGAT",2026-02-06 10:13:01.612465
477,"Punto grid",41.6006,2.0858,0,0.2,0.4,40,0.2,"BAJO LLOBREGAT",2026-02-06 10:13:01.717657
478,"Punto grid",41.6406,2.0858,0,1.2,1.6,40,1,"BAJO LLOBREGAT",2026-02-06 10:13:01.825716
479,"Punto grid",41.6806,2.0858,0,1.1,2.1,40,0.9,"BAJO LLOBREGAT",2026-02-06 10:13:01.928112
480,"Punto grid",41.7206,2.0858,0,1,2.6,38,1.2,"MEDIO LLOBREGAT",2026-02-06 10:13:02.030473
481,"Punto grid",41.7606,2.0858,0,1,2.6,38,1.2,"MEDIO LLOBREGAT",2026-02-06 10:13:02.132681
482,"Punto grid",41.8006,2.0858,0,0.8,1.4,38,0.8,"MEDIO LLOBREGAT",2026-02-06 10:13:02.234412
483,"Punto grid",41.8406,2.0858,0,0.8,1.4,35,0.8,"MEDIO LLOBREGAT",2026-02-06 10:13:02.336455
484,"Punto grid",41.8806,2.0858,0,0.6,1.2,35,0.6,"MEDIO LLOBREGAT",2026-02-06 10:13:02.438422
485,"Punto grid",41.9206,2.0858,0,0.5,0.9,35,0.5,"MEDIO LLOBREGAT",2026-02-06 10:13:02.540658
486,"Punto grid",41.9606,2.0858,0,0.5,0.9,25,0.5,"MEDIO LLOBREGAT",2026-02-06 10:13:02.642698
487,"Punto grid",42.0006,2.0858,0,0.2,0.9,25,0.7,"ALTO LLOBREGAT/BERGUEDÀ",2026-02-06 10:13:02.74466
488,"Punto grid",42.0406,2.0858,0,0,0.8,25,0.8,"ALTO LLOBREGAT/BERGUEDÀ",2026-02-06 10:13:02.846823
489,"Punto grid",42.0806,2.0858,0,0,0.8,28,0.8,"ALTO LLOBREGAT/BERGUEDÀ",2026-02-06 10:13:02.949066
490,"Punto grid",42.1206,2.0858,0,0,0,28,0,"ALTO LLOBREGAT/BERGUEDÀ",2026-02-06 10:13:03.051403
491,"Punto grid",42.1606,2.0858,0,0,0,28,0,"ALTO LLOBREGAT/BERGUEDÀ",2026-02-06 10:13:03.153514
492,"Punto grid",42.2006,2.0858,0,0,0,18,0,"ALTO LLOBREGAT/BERGUEDÀ",2026-02-06 10:13:03.255534
493,"Punto grid",42.2406,2.0858,0,0,0,18,0,"ALTO LLOBREGAT/BERGUEDÀ",2026-02-06 10:13:03.359956
494,"Punto grid",42.2806,2.0858,0,4.9,4.9,25,1.6,"ALTO LLOBREGAT/BERGUEDÀ",2026-02-06 10:13:03.462391
495,"Punto grid",41.2806,2.1258,0,0.6,1,48,0.6,"DELTA",2026-02-06 10:13:03.564325
496,"Punto grid",41.3206,2.1258,0,0.6,1,48,0.6,"DELTA",2026-02-06 10:13:03.666389
497,"Punto grid",41.3606,2.1258,0,0.4,0.6,48,0.4,"DELTA",2026-02-06 10:13:03.768415
498,"Punto grid",41.4006,2.1258,0,0.4,0.6,48,0.4,"BAJO LLOBREGAT",2026-02-06 10:13:03.870543
499,"Punto grid",41.4406,2.1258,0,0.6,0.8,40,0.6,"BAJO LLOBREGAT",2026-02-06 10:13:03.972941
500,"Punto grid",41.4806,2.1258,0,0,0,40,0,"BAJO LLOBREGAT",2026-02-06 10:13:04.076334
501,"Punto grid",41.5206,2.1258,0,0,0,40,0,"BAJO LLOBREGAT",2026-02-06 10:13:04.454004
502,"Punto grid",41.5606,2.1258,0,0,0.2,40,0.2,"BAJO LLOBREGAT",2026-02-06 10:13:04.555901
503,"Punto grid",41.6006,2.1258,0,0.2,0.4,40,0.2,"BAJO LLOBREGAT",2026-02-06 10:13:04.657837
504,"Punto grid",41.6406,2.1258,0,0.2,0.4,40,0.2,"BAJO LLOBREGAT",2026-02-06 10:13:04.759758
505,"Punto grid",41.6806,2.1258,0,0.7,1.5,40,0.7,"BAJO LLOBREGAT",2026-02-06 10:13:04.861672
506,"Punto grid",41.7206,2.1258,0,1,3.9,38,2.6,"MEDIO LLOBREGAT",2026-02-06 10:13:04.96375
507,"Punto grid",41.7606,2.1258,0,1,3.9,38,2.6,"MEDIO LLOBREGAT",2026-02-06 10:13:05.066096
508,"Punto grid",41.8006,2.1258,0,0.8,2.4,38,1.4,"MEDIO LLOBREGAT",2026-02-06 10:13:05.168188
509,"Punto grid",41.8406,2.1258,0,0.8,2.4,35,1.4,"MEDIO LLOBREGAT",2026-02-06 10:13:05.272739
510,"Punto grid",41.8806,2.1258,0,0.6,1.4,35,0.8,"MEDIO LLOBREGAT",2026-02-06 10:13:05.375062
511,"Punto grid",41.9206,2.1258,0,0.5,1.1,35,0.6,"MEDIO LLOBREGAT",2026-02-06 10:13:05.477123
512,"Punto grid",41.9606,2.1258,0,0.5,1.1,25,0.6,"MEDIO LLOBREGAT",2026-02-06 10:13:05.578994
513,"Punto grid",42.0006,2.1258,0,0.2,1.1,25,0.9,"ALTO LLOBREGAT/BERGUEDÀ",2026-02-06 10:13:05.680891
514,"Punto grid",42.0406,2.1258,0,0,1,25,1,"ALTO LLOBREGAT/BERGUEDÀ",2026-02-06 10:13:05.782636
515,"Punto grid",42.0806,2.1258,0,0,1,28,1,"ALTO LLOBREGAT/BERGUEDÀ",2026-02-06 10:13:05.884711
516,"Punto grid",42.1206,2.1258,0,0,0,28,0,"ALTO LLOBREGAT/BERGUEDÀ",2026-02-06 10:13:05.986723
517,"Punto grid",42.1606,2.1258,0,0,0,28,0,"ALTO LLOBREGAT/BERGUEDÀ",2026-02-06 10:13:06.088598
518,"Punto grid",42.2006,2.1258,0,0,0,18,0,"ALTO LLOBREGAT/BERGUEDÀ",2026-02-06 10:13:06.191791
519,"Punto grid",42.2406,2.1258,0,0,0,18,0,"ALTO LLOBREGAT/BERGUEDÀ",2026-02-06 10:13:06.294075
520,"Punto grid",42.2806,2.1258,0,5.1,5.1,18,3.5,"ALTO LLOBREGAT/BERGUEDÀ",2026-02-06 10:13:06.396146
521,"Punto grid",41.2806,2.1658,0,0.6,1,48,0.6,"DELTA",2026-02-06 10:13:06.49794
522,"Punto grid",41.3206,2.1658,0,0.6,1,48,0.6,"DELTA",2026-02-06 10:13:06.599911
523,"Punto grid",41.3606,2.1658,0,0.4,0.6,48,0.4,"DELTA",2026-02-06 10:13:06.701975
524,"Punto grid",41.4006,2.1658,0,0,0,48,0,"BAJO LLOBREGAT",2026-02-06 10:13:06.805812
525,"Punto grid",41.4406,2.1658,0,0,0,40,0,"BAJO LLOBREGAT",2026-02-06 10:13:06.908209
526,"Punto grid",41.4806,2.1658,0,0,0,40,0,"BAJO LLOBREGAT",2026-02-06 10:13:07.010315
527,"Punto grid",41.5206,2.1658,0,0,0,40,0,"BAJO LLOBREGAT",2026-02-06 10:13:07.11225
528,"Punto grid",41.5606,2.1658,0,0,0,40,0,"BAJO LLOBREGAT",2026-02-06 10:13:07.216149
529,"Punto grid",41.6006,2.1658,0,0.1,0.3,40,0.2,"BAJO LLOBREGAT",2026-02-06 10:13:07.318321
530,"Punto grid",41.6406,2.1658,0,0.1,0.3,40,0.2,"BAJO LLOBREGAT",2026-02-06 10:13:07.420141
531,"Punto grid",41.6806,2.1658,0,0.3,0.9,40,0.4,"BAJO LLOBREGAT",2026-02-06 10:13:07.522371
532,"Punto grid",41.7206,2.1658,0,0.7,2.1,38,1.2,"MEDIO LLOBREGAT",2026-02-06 10:13:07.624671
533,"Punto grid",41.7606,2.1658,0,0.7,2.1,38,1.2,"MEDIO LLOBREGAT",2026-02-06 10:13:07.726824
534,"Punto grid",41.8006,2.1658,0,0.6,2.4,38,1.6,"MEDIO LLOBREGAT",2026-02-06 10:13:07.829398
535,"Punto grid",41.8406,2.1658,0,0.6,2.4,35,1.6,"MEDIO LLOBREGAT",2026-02-06 10:13:07.93118
536,"Punto grid",41.8806,2.1658,0,0.5,1.4,35,0.9,"MEDIO LLOBREGAT",2026-02-06 10:13:08.033609
537,"Punto grid",41.9206,2.1658,0,0.2,0.5,35,0.3,"MEDIO LLOBREGAT",2026-02-06 10:13:08.135541
538,"Punto grid",41.9606,2.1658,0,0.2,0.5,25,0.3,"MEDIO LLOBREGAT",2026-02-06 10:13:08.23753
539,"Punto grid",42.0006,2.1658,0,0.2,1,25,0.8,"ALTO LLOBREGAT/BERGUEDÀ",2026-02-06 10:13:08.339895
540,"Punto grid",42.0406,2.1658,0,0,0.8,25,0.8,"ALTO LLOBREGAT/BERGUEDÀ",2026-02-06 10:13:08.444449
541,"Punto grid",42.0806,2.1658,0,0,0.8,28,0.8,"ALTO LLOBREGAT/BERGUEDÀ",2026-02-06 10:13:08.546522
542,"Punto grid",42.1206,2.1658,0,0,0,28,0,"ALTO LLOBREGAT/BERGUEDÀ",2026-02-06 10:13:08.648984
543,"Punto grid",42.1606,2.1658,0,0,0,28,0,"ALTO LLOBREGAT/BERGUEDÀ",2026-02-06 10:13:08.751657
544,"Punto grid",42.2006,2.1658,0,0,0,18,0,"ALTO LLOBREGAT/BERGUEDÀ",2026-02-06 10:13:08.854171
545,"Punto grid",42.2406,2.1658,0,0,0,18,0,"ALTO LLOBREGAT/BERGUEDÀ",2026-02-06 10:13:08.956203
546,"Punto grid",42.2806,2.1658,0,6.8,6.8,18,3.3,"ALTO LLOBREGAT/BERGUEDÀ",2026-02-06 10:13:09.058678
547,"Punto grid",41.2806,2.2058,0,0.6,1,48,0.6,"DELTA",2026-02-06 10:13:09.160575
548,"Punto grid",41.3206,2.2058,0,0.6,1,48,0.6,"DELTA",2026-02-06 10:13:09.262662
549,"Punto grid",41.3606,2.2058,0,0.6,1,48,0.6,"DELTA",2026-02-06 10:13:09.364779
550,"Punto grid",41.4006,2.2058,0,0,0,48,0,"BAJO LLOBREGAT",2026-02-06 10:13:09.466512
551,"Punto grid",41.4406,2.2058,0,0,0,40,0,"BAJO LLOBREGAT",2026-02-06 10:13:09.56852
552,"Punto grid",41.4806,2.2058,0,0,0,40,0,"BAJO LLOBREGAT",2026-02-06 10:13:09.670456
553,"Punto grid",41.5206,2.2058,0,0,0,40,0,"BAJO LLOBREGAT",2026-02-06 10:13:09.772388
554,"Punto grid",41.5606,2.2058,0,0,0,40,0,"BAJO LLOBREGAT",2026-02-06 10:13:09.875273
555,"Punto grid",41.6006,2.2058,0,0.1,0.3,33,0.2,"BAJO LLOBREGAT",2026-02-06 10:13:09.978035
556,"Punto grid",41.6406,2.2058,0,0.1,0.3,33,0.2,"BAJO LLOBREGAT",2026-02-06 10:13:10.082283
557,"Punto grid",41.6806,2.2058,0,0.1,0.3,33,0.2,"BAJO LLOBREGAT",2026-02-06 10:13:10.186643
558,"Punto grid",41.7206,2.2058,0,0.7,2.1,35,1.2,"MEDIO LLOBREGAT",2026-02-06 10:13:10.301999
559,"Punto grid",41.7606,2.2058,0,0.7,2.1,35,1.2,"MEDIO LLOBREGAT",2026-02-06 10:13:10.415201
560,"Punto grid",41.8006,2.2058,0,0.6,2.4,35,1.6,"MEDIO LLOBREGAT",2026-02-06 10:13:10.546046
561,"Punto grid",41.8406,2.2058,0,0.6,2.4,35,1.6,"MEDIO LLOBREGAT",2026-02-06 10:13:10.648271
562,"Punto grid",41.8806,2.2058,0,0.5,1.4,35,0.9,"MEDIO LLOBREGAT",2026-02-06 10:13:10.750123
563,"Punto grid",41.9206,2.2058,0,0.2,0.5,35,0.3,"MEDIO LLOBREGAT",2026-02-06 10:13:10.852072
564,"Punto grid",41.9606,2.2058,0,0.2,0.5,18,0.3,"MEDIO LLOBREGAT",2026-02-06 10:13:10.953998
565,"Punto grid",42.0006,2.2058,0,0,0.4,18,0.4,"ALTO LLOBREGAT/BERGUEDÀ",2026-02-06 10:13:11.055863
566,"Punto grid",42.0406,2.2058,0,0,0.8,18,0.8,"ALTO LLOBREGAT/BERGUEDÀ",2026-02-06 10:13:11.157756
567,"Punto grid",42.0806,2.2058,0,0,0.8,18,0.8,"ALTO LLOBREGAT/BERGUEDÀ",2026-02-06 10:13:11.25966
568,"Punto grid",42.1206,2.2058,0,0,0,18,0,"ALTO LLOBREGAT/BERGUEDÀ",2026-02-06 10:13:11.362339
569,"Punto grid",42.1606,2.2058,0,0,0,18,0,"ALTO LLOBREGAT/BERGUEDÀ",2026-02-06 10:13:11.464809
570,"Punto grid",42.2006,2.2058,0,0,0,18,0,"ALTO LLOBREGAT/BERGUEDÀ",2026-02-06 10:13:11.567182
571,"Punto grid",42.2406,2.2058,0,0.8,0.8,18,0.6,"ALTO LLOBREGAT/BERGUEDÀ",2026-02-06 10:13:11.669374
572,"Punto grid",42.2806,2.2058,0,9.1,9.1,35,4.3,"ALTO LLOBREGAT/BERGUEDÀ",2026-02-06 10:13:11.773747
